ES6,
JavaScript/ES6,
SASS/LESS,
HTML5,
HTTP,
Flow,
Jest,
Enzyme,
Ember.js,
CDN,
Cypress.io,
Web accessibility,
accessibility techniques,
caching,
CI/CD,
CICD,
ZeroMQ,
AngularJS,
continuous deployment,
Node,
DOM,
SSL,
CodeShip,
RDS,
Search Engine Optimization,
Swagger,
sass,
Serverless ,
logging,
attention to detail,
data structure,
business intelligence,
web technology,
website technology,
web application,
web app,
website application,
web development,
website development ,
Web Developer,
application,
development,
user experience,
mobile software development,
mobile development,
web,
Computer Engineering,
Computer Engineer,
Ember,
RESTful,
REST APIs,
Open Source,
C++,
C,
Amazon Web Services,
AWS,
interfaces,
interface,
Go,
vanilla JS,
VueJs,
JVM,
CSS3,
REST,
Kotlin,
Snowflake,
Mode,
Segment,
integration testing,
integration test,
unit testing ,
unit test,
unit and integration testing,
SDK,
Ruby on Rails,
Software Engineer,
Software Engineering,
infrastructure,
web infrastructure,
website infrastructure,
QA,
QAI,
Responsive Design,
modern web standard,
AJAX,
WordPress,
analytic tool,
Contentful,
digital marketing,
Pardot,
feature roadmapping,
sprint planning,
elementor,
API's,
DNS routing ,
web hosting,
website hosting,
Pantheon,
web performance,
website performance,
conversion rate optimization,
Full Stack Software Engineer,
Full-Stack Software Engineering ,
full stack ,
full-stack,
QA engineer,
SSO,
SLO,
MFA,
LDAP,
OpenID,
NPM,
Parcel,
Vue,
SCSS,
Yarn,
Express,
responsive application,
chatbot,
chatbots,
TypeScript,
JSP,
C/C++,
Chart.js,
CloudSearch,
HBase,
Memcache,
YAML,
XML,
Photoshop,
GIMP,
Bazel,
Gulp,
GoCD,
Entrepreneurship,
Entrepreneur,
bioinformatics,
hardware,
web architecture ,
OOP,
RSpec,
Jasmine,
Neo4J,
CircleCI,
Cloudfront,
innovation,
innovative,
Falcon,
Flask,
crypto,
Web3,
Solidity,
blockchain,
Node,