Content Marketing,
CMS,
CRM,
Mobile Marketing,
Lead Nurturing,
Email Marketing,
HootSuite,
Buffer,
Google Analytics,
Canva,
Piktochart,
SlideShare,
Adobe Photoshop,
Adobe Illustrator,
Video production,
Video editing,
Paid Social Media Advertising,
UX Design,
Data Science,
Data Visualization,
whitepapers,
soluton briefs,
interactive tools,
sales enablement assets,
key buyer personas,
target segments,
customer-facing marketing tools,
AdTech,
MarTech,
customer engagement,
SQL,
Teradata,
Base SAS,
SAS STAT,
SAS Macros,
Python,
R,
Marketing Mix models,
Scripting,
modelling,
inventory selections,
revenue impact,
growth marketing strategy,
event budget tracker,
digital campaigns,
consumer psychology,
growth and lifecycle marketing,
SPSS,
Tableau,
Lookr,
multivariate regression,
clustering,
decision trees,
conjoint,
consumer decision frameworks,
laddering technqiues,
motivation theory,
out-of-the-box brand building,
marketing automation workflows,
ROI,
Marketo,
Salesforce,
Campaign management,
marketing funnel management,
B2B technology,
project management,
Microsoft Office,
SQL Server,
MySQL,
Oracle,
TSQL,
Agile,
Scrum,
MapReduce,
Hadoop,
Hive,
Pig,
Spark,
SME capacity,
Finance,
Accounting,
Telemarketing,
SaaS attribution modeling,
A/B test,
Doubleclick,
Facebook Ads Manager,
Domo,
Data Studio,
ETL,
Excel,
Eloqua,
HTML,
CSS,
Bootstrap,
ad-hoc,
business reports,
ReactJS,
JavaScript,
Redux,
NodeJS,
Babel,
SASS,
Flexbox,
Rest APIs,
Git,
Github,
Webpack,
Browserify,
Firebase,
React Native,
Twilio,
DocuSign,
Lob,
BTravis CI,