Machine Learning,
ML Model,
Machine Learning Model,
ML,
AI,
Artificial Intelligence,
Deep Learning,
classification,
regression,
optimization,
Big Data,
Data Pipeline,
Pipeline,
a/b testing,
Map Reduce,
MapReduce,
hadoop,
batch process,
Data Processing,
Data Structures,
Experiment,
NLP,
Probability,
Statistics,
streaming,
supervised,
unsupervised,
Hive,
Nosql,
s3,
SKlearn,
Scikit-learn,
scikitlearn,
Spark,
Tensorflow,
C++,
Java,
Natural Language Processing,
Python,
Scala,
c#,
fraud detection,
abuse,
spam,
demand fulfillment,
neural network,
latency,
uptime,
parallelization,
code review,
C++,
golang,
pytorch,
GPU,
CUDA,
data pipeline,
architecture,
scalable,
android,
ios,
API,
Apache Camel,
Git,
JUnit,
SonarQube,
JBOSS,
Tomcat,
Netty,
Nosql,
mysql,
cassandra,
fintech,
ETL,
schema,
metrics,
azure,
unit test,
Mockito,
EasyMock,
restlet,
oracle,
mongodb,
redis,
maven,
jenkins,
rabbitmq,
activemq,
matlab,
simulink,
validation,
operating systems,
signal processing,
reliability,
compiler,
splunk,
.net,
multi-threaded,
mvvm,
devops,
site reliability,
bash,
cloud computing,
implement,
prototype,
documentation,
ruby,
dataflow,
bigquery,
json,
rails,
guice,
guava,
dataset,
postgres,
postgresql,
security,
monitoring,
shell,
perl,
flink,
kubernetes,
docker,
ecs,
zendesk,
dynamodb,
lambda,
kinesis,
twilio,
zuora,
micro-services,
microservices,
aws,
amazon web services,
back end,
backend,
back-end,
frontend,
front-end,
front end,
REST applications,
RESTful api,
Spring MVC,
Spring Boot,
Spring Data,
spring framework,
computer science,
eecs,
GCP,
Google Cloud Platform,
object-oriented,
object oriented,
test-driven development,
tdd,
test-driven-development,
test driven development,
elasticsearch,
lucene,
apache solr,
solr,
apache kafka,
kafka,
debugger,
debugging,
analytics,
analysis,
cross-functional,
cross-functionally,
google cloud storage,
gcs,
real-time,
real time,
realtime,
react native,
react.js,
node.js,
nodejs,
GraphQL,
full-stack,
heroku,
continuous integration,
algorithms,
Objective-c,
redshift,
airflow,
github,
version control,
ansible,
ec2,
collaboration,
computer vision,