.net,
5G,
a/b test,
AAA,
ab testing,
ABAP,
ABCL,
accessibility,
ACL,
ActionScript,
activemq,
ad features,
ad technology,
Ada,
adaptive autosar,
adas sw system,
adas/ad feature,
ADO.NET,
adobe aem,
adobe powerbi,
adtech,
advanced analytics,
advanced analytics platforms,
advanced analytics solutions,
advertising performance metrics,
Afnix,
agile,
Agile Methodologies,
agile methods,
agile planning,
Agile Scrum Team,
Agile Software Development,
agile tools and processes,
agile work processes and tools,
agilescrum sprint events and cycles,
Agora,
ai,
airflow,
ajax,
ALF,
ALGOL,
algorithm design,
algorithm development,
algorithms,
Alice,
amazon web services,
analysis,
analytic capabilities,
analytical,
analytical and problem,
analytical capabilities,
analytical problem-solving,
analytical support,
analytical tools and techniques,
analytics,
analytics products,
Anaplan,
android,
angular,
angularJS,
ansible,
Apache,
apache airflow,
apache camel,
Apache Druid,
Apache Flink,
apache kafka,
apache solr,
apache spark,
Apex,
api,
APIs,
APL,
app design,
AppleScript,
Application Code,
application developer,
application development,
application layer protocol,
Application Scaling,
apty,
architectural direction,
architectural video presentations,
architecture,
artificial intelligence,
asana,
ASCII Encoding,
Asio,
ASP,
ASP.NET,
aspice,
Assembly,
asynchronous systems,
atlassian,
AutoIt,
automate processes,
automate reporting,
automated ci/cd,
automated tests,
automating asset inspections processes,
automation of processes,
automation solutions,
automotive adas,
automotive adas customer features,
automotive camera based adas,
automotive code,
automotive component,
automotive logistics,
automotive supplier interaction,
Awk,
aws,
aws kinesis,
aws redshift,
azure,
b2b product solutions,
b2b technology,
babel,
back end,
back-end,
Back-End Data Display,
Back-End Framework,
Back-End Programming Language,
Backbone,
Backbone.js,
backend,
backlog,
balsamiq,
base sas,
basecamp,
bash,
BASIC,
batch data ingestion,
batch process,
BBC Basic,
BeanShell,
BETA,
big customer problems,
big data,
big data technologies,
bigquery,
bitbucket,
Blazor,
Bliss,
Blockchain,
Books,
bootstrap,
branding/website design,
breakdown complex problems,
browserify,
buffer,
build solutions,
building codes and standards,
business intelligence technologies,
c,
c/c++,
c#,
c++,
CakePHP,
Cascading Style Sheets,
cassandra,
Cecil,
CGI,
change management,
change management programs,
Charity,
chart.js,
ChucK,
Chyrp,
CI/CD,
CIFS and Citrix,
Cilk,
circleci,
classification,
Clean,
cleaning procedures,
CLEO,
CLI,
client facing,
client satisfaction,
CLIST,
Clojure,
cloud,
cloud app adoption,
cloud computing,
cloud infrastructure,
CloudSearch,
CloudWatch,
clustering,
cms,
COBOL,
Cobra,
Cocoa,
code review,
CodeIgniter,
Coding,
ColdFusion,
collaborate,
Collaborate with Back-End Developers,
Collaborate with Web Designers,
collaboration,
collaborative,
Command Line,
communicate,
communication,
communication skills,
competitive analysis,
compiler,
complex issues,
complex projects,
compliance,
component libraries,
Component Pascal,
computational analytics,
Computer Architecture,
Computer Engineering,
computer science,
computer security,
computer vision,
computer vision models,
concept diagrams,
Concur,
Concurrent Pascal,
confluence,
connectivity technologies,
containerization,
Content management,
content management system,
contingency plan,
continuous improvement,
continuous improvement activities,
continuous integration,
Continuous Integration and Deployment,
continuous learning,
conversion,
Cookies,
CORBA,
Correction protocol,
Coupa,
CPQ,
create processes,
create report,
Create Web Pages,
crm,
crm pipeline,
CronJobs,
cross functional,
cross functional collaboration,
cross-browser compatibility,
cross-functional,
cross-functional collaboration,
cross-functionally,
cryptocurrency,
css,
csv,
cte,
cuda,
Curl,
Current Web Trends,
Curry,
customer analytics,
customer engagement,
customer features,
customer needs,
customer service,
customer stories,
customer success,
customer success metrics,
customer value,
dap,
dashboard specifications,
DASL,
data,
data analysis,
data analytics,
data and analysis,
data consolidation,
data driven,
data driven decisions,
data driven solutions,
data ingestion,
data lake,
data mining,
data modeling,
data models,
data pipeline,
data platform,
Data presentation,
data processing,
data reporting,
data science,
data sets,
data sheets,
data solutions,
data storytelling,
data strategy,
data structures,
data studio,
data validation exercises,
data visualization,
data visualization tools,
data warehouse,
data-driven,
data-driven analysis,
data-driven approach,
data-driven metrics,
data-informed techniques,
data-powered products,
database,
Database Administration,
Database Architecture,
Databases,
databricks,
dataflow,
dataflow/beam,
Dataproc,
dataset,
dds,
debugger,
debugging,
decision making,
decision trees,
Deductive Reasoning,
deep learning,
Delphi,
deployment,
descriptive / predictive models,
design,
design guides and prototypes,
design patterns,
design review,
Design Reviews,
design tools and workflows,
desktop and mobile app frameworks,
detail oriented,
detail-oriented,
Development,
development life cycle ,
Device Drivers,
devops,
DevOps Practices,
DHCP,
DIBOL,
digital adoption platform,
digital products,
digital strategy,
digital transformation program,
discovery,
discovery assumption mapping,
distributed and parallel systems,
distributed applications,
distributed products,
distributed storage,
distributed system,
django,
DNS,
docker,
docker-compose,
documentation,
docusign,
DOM,
domo,
doubleclick,
DPDK,
draft contacts,
Dreamweaver,
drive revenue,
drupal,
Dynamic Web Page Design,
dynamically-generated segments,
dynamodb,
e-commerce,
early employee,
early stage startups,
easy-to-understand concepts,
easymock,
eBPF/XDP,
ec2,
econometric modeling,
ecs,
eecs,
Eiffel,
Elasticache,
elasticsearch,
ELT,
Embedded Language,
embedded networking,
Embedded Software Testing,
Embedded Systems,
emerging/ground-breaking technologies,
enablement framework,
end to end process,
end-to-end,
engineer,
enterprise,
enterprise software,
enterprise software startup,
enterprise solutions,
entrepreneurial,
Erlang,
Erlang and Elixir,
Error Detection,
ES6,
Ethernet,
ethics,
etl,
etl data,
etl data integration,
event budget tracker,
excel,
excel / spreadsheet,
experiment,
experimental design,
extreme programming,
F-Script,
F#,
fast paced environment,
feature backlog,
feature delivery and tradeoffs,
feedback,
FFmpeg,
FinancialForce,
fintech,
firebase,
Firewall,
Firmware,
flexbox,
flink,
flux,
FORTH,
FORTRAN,
founder,
Framework Templates,
fraud detection,
fraud detection model,
Fril,
Frink,
front end,
Front End Design,
front end technologies,
front-end,
front-end development,
Front-End Systems,
Front-End Web Technologies,
frontend,
full stack,
full-stack,
functional programing,
Functional Programming,
functional qa,
funnel,
fusion,
gaming,
gant chart,
GATE,
gcp,
gcs,
generating pipeline,
git,
github,
gitlab,
global design system,
GNUstep,
go,
golang,
google bigquery,
google cloud,
google cloud platform,
google cloud storage,
google suite,
google tag manager,
google workspace,
googleadobe analytics,
gpu,
graphql,
GRE,
grid edge technologies,
Groovy,
Grunt,
gsuite,
guava,
guice,
Gulp,
hadoop,
Hardware,
Haskell,
HBase,
hci,
heap analytics,
hellosign integration ecosystem,
heroku,
hive,
Hosting Environment,
html,
html5 app,
HTTP,
HTTP headers,
HTTP methods,
HTTP payloads,
HTTP response codes,
human centered design,
HyperTalk,
hypothesis driven outcomes,
iaas,
ICI,
iconography,
identity typography,
IDL,
IKE,
ImageMagick,
implementing digital marketing strategies,
Inductive Reasoning,
information systems,
informing standards,
infrastructure,
infrastructure-as-code,
integration,
inter-related technologies,
interaction patterns,
interaction standards,
interactive tools,
INTERCAL,
interior design or architecture,
invision,
IO,
ios,
IoT,
ip,
ip creation/tracking,
IP forwarding,
ip management,
IPv6,
iso 26262,
it operations,
iterative development,
iterative development process,
iterative user research,
j2ee,
Janus,
JASS,
java,
java enterprise edition,
javascript,
jboss,
jenkins,
Jest,
jira,
Joomla,
Joule,
JOVIAL,
Joy,
jquery,
js,
json,
junit,
jupyter notebook,
kafka,
kanban,
kensho,
Kernel,
key accounts,
key buyer personas,
key customer programs,
key performance indicators,
key performance metrics,
keyword research,
keyword/audience research,
kinesis,
kissmetrics,
Kite,
komodo,
komodo’s data and algorithms,
Kotlin,
kpi metrics,
kubernetes,
LabVIEW,
laddering technqiues,
lambda,
LAMP,
laravel,
latency,
Lava,
leadership,
lean,
lean experiments,
lean startup,
Leda,
LESS,
Lightning,
Limbo,
Linked Lists,
linux,
Linux Programming,
Linux/Unix,
Lisaac,
Lisp,
Load Changes,
lob,
logistics management,
Logo,
lookup,
Lua,
lucene,
machine learning,
machine learning algorithm,
machine learning languages and packages,
machine learning model,
macos,
Maker Language,
manage accounts,
Mandriva Linux,
MantisBT,
map reduce,
mapreduce,
matlab,
maven,
MDN,
Memcache,
Mercurial,
MetaQuotes Language,
metrics,
micro-services,
microservices,
Microsoft ASP.NET,
Microsoft Technologies,
middleware systems,
migration,
minimal viable product,
miro,
misra,
mixpanel,
ml,
ml model,
mobile app,
Mobile development,
mobile game development,
mobile marketing,
mobile technologies,
mobile web,
mock-ups,
mockito,
modelling,
Modula-2,
Modula-3,
Mondrian,
Mongo,
mongodb,
monitoring,
montoring regulations,
MOO,
motivation theory,
Moto,
MPI,
MS Access,
ms power bi,
MS-DOS,
MS-Windows,
MSXML,
multi-stage projects,
multi-tenant,
multi-threaded,
multimodal interactions,
multivariate regression,
mural,
MVC,
mvp,
mvvm,
mysql,
NAT,
natural language processing,
Ncurses,
negotiate agreements,
Nemerle,
NetCDF,
Netsuite,
netty,
Network and information security,
Network Programming,
networking,
neural network,
nginx,
nlp,
node,
node.js,
nodejs,
non-relational databases,
nosql,
numpy,
NXT-G,
OAuth,
Oberon,
object oriented,
object-oriented,
Object-Oriented Design,
Object-Oriented Programming,
Object-Z,
objective-c,
Obliq,
OCaml,
Occam,
okrs,
okrs pirate metrics,
olap,
OOP,
OPAL,
OpenCL,
OpenID,
OpenSSL,
operating systems,
operational improvements,
operational metrics,
OPS5,
opsgenie,
optics,
optimization,
optimizely,
optimizers,
oracle,
oral and written communication,
organizational ability,
ORM,
os development,
Oxygene,
Oz,
P4 language,
paas,
pandas,
parallelization,
parsers,
Pascal,
PCASTL,
people analytics,
people management,
performance dashboards,
performance improvement,
performance metrics,
performance testing,
performance validation,
perl,
php,
PHProjekt,
PHPUnit,
Pict,
pig,
piktochart,
pipeline,
pipeline analysis,
pivot table,
PL/C,
PL/I,
PL/SQL,
platform tools,
Play Framework,
Pliant,
plotly dash,
pmbok,
pmp,
point cloud processing,
policy development,
Poplog,
positive reviews,
post-launch optimizations,
postcss,
postgres,
postgresql,
PostScript,
PowerShell,
ppc,
practical a/b testing,
predictive intelligence,
predictive model,
press page,
presto,
privacy protections,
probabilistic filters,
probability,
Problem Solving Skills,
Process Analysis,
process improvement,
process management,
process optimization,
product analytics,
product and release planning sessions,
product delivery,
product demonstration,
product demos,
product design,
product development process,
Product Enhancement,
product expert,
product features,
product improvements,
product launch plan,
product life-cycle,
product lifecycle,
product management,
product manager,
product marketing,
product or program management,
product pipeline,
product pipeline management,
product usage models,
product ux,
product vision,
product vision and strategy,
product-oriented quantitative analysis,
production agencyvendor management,
production defects,
program management,
program planning,
programming,
programming language, 
Programming Systems Engineering,
Prograph,
project manageer,
project management,
project management tools,
project plans,
project risks,
project/release management,
PROLOG,
prototype,
prototype system,
prototyping,
Proxy,
Pure Data,
pyspark,
python,
pytorch,
Q,
qa metrics,
QoS,
quality assurance,
quality production,
quality system,
quantitative,
quantitative analysis,
quantitative model,
query,
r,
Rabbit MQ,
rabbitmq,
Radio Access Networks,
rails,
rapid prototyping,
RapidWeaver,
Rapira,
Raspberry Pi,
RavenDB,
react,
react native,
react.js,
reactjs,
reactnative,
real-time analysis,
REBOL,
recommendations,
redis,
redshift,
reduced cpa/cpl,
redux,
RegEx,
regression,
relational database,
relationship management,
release,
release criteria and management,
release infrastructure,
release management,
reliability,
report automation,
report templates,
research,
responsive,
Responsive Design,
REST,
rest apis,
rest applications,
restful api,
restlet,
retail sales process,
revenue analysis,
revenue impact,
revenue quota,
Revolution,
Rexx,
risk management,
roadmap,
roadmap planning,
roadmap strategy,
roadmunk,
Robots,
roi,
role-based access,
ROOP,
root cause analysis,
ros,
routing,
routing protocol,
RPG,
ruby,
Ruby on Rails,
rust,
S-Lang,
S-PLUS,
s3,
saas,
saas attribution modeling,
saas models outcome-based models,
saas product,
saas sale,
salesforce,
salesforce app exchange,
salesforce crm,
SALSA,
SAML integrations,
sap,
sas,
sas macros,
sas stat,
scala,
scalable,
scalable processes,
schema,
scientific computing,
scikit learn,
scikit-learn,
scikitlearn,
scipy,
scope,
scripting,
scrum,
scrum ceremonies,
scrum methodologies,
scrum processes,
sdlc,
Search Engine Optimization,
security,
Security Compliance,
Sed,
selenium,
Self,
self-motivate,
self-starter,
sell your ideas,
sensor calibration,
seo,
Server-Side Scripting,
service delivery,
service desk,
service level agreements,
service management products,
service production marketing technology,
service roadmap,
SFTP,
SGML,
shell,
Shell Scripting,
signal processing,
Simula,
simulink,
sip,
site reliability,
sketch,
sklearn,
sla,
slack,
Slate,
slideshare,
SMALL,
Smalltalk,
SMIL,
SNMP,
SNOBOL,
SOAP,
social & mobile applications,
social distancing guidelines,
social media apps,
social media software,
Software,
software + hardware,
software architecture,
software developer,
software development,
Software Development Life Cycle,
software development roadmap,
software engineer,
software engineering,
software sales,
software stacks,
Software Workflow,
software-as-as-service,
Software-Defined Networking,
solr,
solutions,
soluton briefs,
sonarqube,
Sorting Algorithms,
sound legal judgment,
source / version control,
Source Code,
spam,
spark,
specification development,
Spin,
spl2,
splunk,
Spring,
spring boot,
spring data,
spring framework,
spring mvc,
sprint,
spss,
sql,
sql server,
sql-like scripting language,
SQLAlchemy,
SQLite,
SQS,
SR,
sr management,
SSH,
SSI,
stage gate process,
standard practices,
Stata,
state management,
statistical methodologies,
statistical methods,
statistical modeling,
statistical packages,
statistics,
Step Functions,
Storage systems and management,
strategic growth projects,
strategic learning management system,
strategic planning,
strategic projects,
strategy,
streaming,
Stress Tolerance,
structural layouts,
Styling and Color Design,
Subversion,
supervised,
sw production release,
swift,
Switching,
Symfony,
Syslog,
system integration,
tableau,
target segments,
task automation,
task management,
Tcl,
Tcl/Tk,
TCP,
TCP/IP,
tdd,
teamwork,
tech stack,
Tech support,
technical architecture,
technical documentation,
technical functionality,
technical implementation methods,
technical product management,
technical reporting,
technology trends and architectures,
telemarketing,
tensorflow,
teradata,
terraform,
test & quality,
test automation,
test development,
test driven development,
test infrastructure,
test plan,
test planning,
test strategies,
test-driven development,
test-driven-development,
testing,
TeX and LaTeX,
timeline planning,
tms,
tomcat,
tooling development,
top-tier management,
transactions,
travis ci,
TravisCI,
trello,
trend analysis,
troubleshooting,
troubleshooting/debugging,
tsql,
tuning,
Tunneling,
Turing,
twilio,
twitter ads,
tws,
typescript,
typical design tools,
uat,
Ubuntu,
UDP,
ui,
ui design and development,
ui engineering,
ui standards,
UI Toolkits and Frameworks,
UI/UX,
Umbraco,
unbounce,
Unified Modeling Language,
unit test,
unix,
UNIX Programming,
Unix Shell,
unsupervised,
upsell & cross sell,
uptime,
URL,
usability,
usability studies,
user centric,
user design,
user empathy,
User Experience,
user features,
user feedback,
user interaction,
user interaction design,
User Interface,
user interface design,
user persona,
user requirements,
user research,
user scenarios,
user stories,
user story writing,
user test,
user testing plans,
user testing sessions,
user-centered,
user-centered design,
user-centered design techniques,
ux,
ux design,
ux design methodologies,
ux design principles,
ux design processes,
ux patterns,
ux research methods,
ux vision & strategy,
ux/design language style libraries,
ux/ui,
validate,
validation,
VBScript,
vendoragency management,
Verilog,
version control,
Version Control System,
Version Repository,
vertica,
VHDL,
Vi,
Visual Basic,
visual brand,
visual design,
Visual FoxPro,
visual studio,
visualization software,
VLAN,
VRML,
VRRP,
Vue,
vue.js,
walkme,
WAP/WML,
wcag 2.1 compliance standards,
WCF,
web,
web accessibility standards.understanding,
Web API,
web application,
web application development,
web based software applications,
web design,
web developer,
web development,
web production,
web projects,
web rollout,
web services,
web site,
web site registration,
Web Standards,
web technologies,
web technologies.experience,
WebDriverIO,
WebKit,
webpack,
Website Content Display,
website management tools,
Website Navigation Optimization,
website performance optimization,
whatfix,
whitepapers,
Windows PowerShell,
wireframe,
wireframing,
wms,
Wordpress,
work collaboratively,
WPF,
Writing Modules,
WSDL,
WSGI,
XAML,
Xaraya,
XHTML,
XL,
xml,
XOTcl,
XSL,
YUI,
zendesk,
Zikula,
PubSub,
Weave Flux,
Storybook,
Grape,