product manager,
product management,
agile,
a/b Testing,
sql,
engineer,
user research,
ux/ui,
ux/ui,
ui,
user stories,
wireframing,
specification,
roadmap,
mvp,
minimal viable product,
design,
strategy,
scrum,
cross-functional,
research,
conversion,
usability,
testing,
user persona,
user requirements,
data,
backlog,
business case,
funnel,
growth,
acquisition,
performance,
feedback,
interviews,
discovery,
ship,
go to market,
market,
integrations,
scope,
quantitative,
mobile app,
mobile web,
user centric,
technical architecture,
entrepreneurial,
self-starter,
detail-oriented,
html5 app,
saas,
marketing,
sales,
customer success,
end-to-end,
execution,
consumer,
problem,
user empathy,
legal,
regulatory,
finance,
founder,
early employee,
fast-growing,
validate,
product vision,
user-centered,
distributed system,
lean startup,
customer value,
distributed products,
breakdown complex problems,
work collaboratively,
decision making,
user-centered design,
lean,
extreme programming,
it operations,
software development,
enterprise,
application developer,
consulting,
investment banking,
early stage startups,
analytical,
quantitative model,
data-driven,
gaming,
organizational ability,
written,
self-motivate,
sell your ideas,
technical,
product lifecycle,
customer needs,
37 signals,
asana,
balsamiq,
basecamp,
confluence,
gant chart,
google analytics,
invision,
jira,
kissmetrics,
mixpanel,
optimizely,
salesforce,
sketch,
slack,
trello,
aha,
roadmunk,
heap analytics,
adobe powerbi,
php,
html,
css,
mysql,
java,
python,
javascript,
java enterprise edition,
react,
reactnative,
vue.js,
angular,
jquery,
drupal,
ruby,
rails,
django,
bootstrap,
user test,
sprint,